,trimestre,nomeBandeira,nomeFuncao,produto,modalidade,qtdCartoesEmitidos,qtdCartoesAtivos,qtdTransacoesNacionais,valorTransacoesNacionais,qtdTransacoesInternacionais,valorTransacoesInternacionais
0,20262,American Express,Crédito,Platinum,Co-branded,14057,8600,243521,33762390.14,1218,490949.15
1,20262,Elo,Crédito,Corporativo,Puro,188680,117884,461434,151589285.39,1218,788337.14
2,20262,Elo,Crédito,Platinum,Puro,177366,129101,4542016,677750964.78,6568,1435485.1
3,20261,MasterCard,Débito,Premium,Puro,419851,183398,4774908,396925446.16,805,434238.4
4,20262,Outras,Crédito,Básico Internacional,Puro,1319572,510119,44655,5378085.15,0,0.0
5,20261,MasterCard,Crédito,Empresarial,Co-branded,410794,18889,141830,18160619.41,1,0.01
6,20262,VISA,Pré-Pago,Básico Internacional,Puro,142946393,22776106,309519049,12598787322.67,1869645,206330189.9
7,20261,VISA,Crédito,Básico Nacional,Híbrido,497560,41604,1220763,172408905.34,341,37543.59
8,20261,VISA,Crédito,Intermediário,Híbrido,1602069,870586,15887598,2562912508.46,132509,32845089.08
9,20262,VISA,Crédito,Empresarial,Puro,5148535,2687960,65528549,21842244506.87,1057799,639224100.05
10,20262,MasterCard,Crédito,Premium,Puro,11580736,8207634,596873711,114609619631.86,13486585,5746143019.61
11,20262,Elo,Pré-Pago,Básico Internacional,Puro,357354,4265,203057,15508818.49,1,0.01
12,20262,Elo,Débito,Básico Nacional,Co-branded,226183,137479,507263,66642898.2,0,0.0
13,20262,MasterCard,Débito,Intermediário,Co-branded,28336466,8561593,186377086,5874422142.34,0,0.0
14,20262,Cheque Eletrônico,Crédito,Básico Internacional,Puro,7094,1620,176,24090.69,1,54.59
15,20262,MasterCard,Débito,Premium,Co-branded,518081,148004,2673366,137959536.07,0,0.0
16,20262,American Express,Crédito,Premium,Puro,492959,395967,17395009,4570432520.3,370091,327382902.43
17,20261,MasterCard,Débito,Básico Internacional,Híbrido,294636,85729,585411,47104750.42,15,1793.37
18,20261,Elo,Crédito,Premium,Puro,393806,286690,12977639,2604521523.77,41125,18929268.56
19,20262,Elo,Pré-Pago,Básico Internacional,Co-branded,569879,278814,1722841,128975877.0,1109,174036.62
20,20262,MasterCard,Crédito,Básico Internacional,Co-branded,2934087,392840,4999120,606567638.71,13178,3287415.75
21,20262,VISA,Débito,Básico Internacional,Puro,198415772,45566542,1244413950,76095774879.5,45163,8140025.14
22,20262,VISA,Crédito,Platinum,Co-branded,415792,338011,20371432,3591726198.12,388386,81651055.63
23,20261,American Express,Crédito,Corporativo,Puro,57624,43760,1103801,1096278995.07,92541,123114326.06
24,20262,VISA,Débito,Intermediário,Puro,9865410,5351055,117995258,7286708748.57,3463,480143.77
25,20261,VISA,Pré-Pago,Intermediário,Co-branded,73189,1690,8852,397992.65,0,0.0
26,20262,American Express,Crédito,Básico Nacional,Puro,29750,22574,429408,65736505.35,1885,665396.69
27,20261,MasterCard,Crédito,Outros,Co-branded,1096636,15532,2551,173638.03,11,487.62
28,20261,MasterCard,Crédito,Intermediário,Puro,105621092,43586858,1171756893,113292655307.64,7144056,812778246.11
29,20262,MasterCard,Débito,Empresarial,Puro,4152736,373259,18708926,1253153749.57,150,62594.93
30,20262,VISA,Crédito,Empresarial,Co-branded,94,85,1102,942713.46,13,2301.78
31,20261,MasterCard,Pré-Pago,Platinum,Puro,11726979,4528812,166011521,7875582948.2,0,0.0
32,20262,Elo,Crédito,Básico Nacional,Puro,4628278,2670868,84807005,9767654022.68,85997,24056821.8
33,20261,American Express,Crédito,Platinum,Puro,266,152,3763,6092973.56,948,11410196.97
34,20261,VISA,Crédito,Outros,Puro,15495575,6734058,129559415,11409488609.81,576210,421725561.44
35,20261,VISA,Pré-Pago,Intermediário,Puro,23370,892,5046,246835.31,0,0.0
36,20261,VISA,Crédito,Básico Internacional,Co-branded,15025027,4108827,31009447,3750927535.36,81424,10109635.63
37,20262,Elo,Pré-Pago,Básico Nacional,Co-branded,4877,713,3316,270019.78,0,0.0
38,20262,Outras,Crédito,Outros,Puro,8543506,6117337,272297267,7761116480.52,0,0.0
39,20262,VISA,Crédito,Premium,Co-branded,398650,366675,32164112,8564554002.7,1019788,352085536.07
40,20261,VISA,Débito,Empresarial,Puro,3757537,1221979,37909889,3556550132.92,8640,1552739.78
41,20261,VISA,Débito,Básico Internacional,Co-branded,6369,1740,17866,1730935.04,0,0.0
42,20262,MasterCard,Pré-Pago,Intermediário,Puro,73576442,29193811,1279729639,45298092985.25,19,8670.15
43,20262,American Express,Crédito,Platinum,Puro,262,148,4007,10676727.14,1347,10226660.19
44,20261,MasterCard,Crédito,Intermediário,Co-branded,64377808,36415311,176989608,19128234516.87,523775,66155927.09
45,20262,Elo,Crédito,Empresarial,Puro,390174,236926,6683502,3189034501.53,24264,12469518.37
46,20262,MasterCard,Crédito,Platinum,Co-branded,8007731,5674871,52186552,6710769808.62,570703,112810313.08
47,20262,MasterCard,Crédito,Platinum,Puro,26659652,16980271,677268292,84444522796.19,5789618,946975784.92
48,20262,VISA,Débito,Premium,Puro,2045136,1269234,44496539,3829780054.21,233485,63934363.44
49,20262,VISA,Crédito,Básico Nacional,Co-branded,6374252,324499,3543654,463515801.44,4137,389419.08
50,20261,MasterCard,Débito,Básico Internacional,Co-branded,1389972,40741,923091,40260842.09,0,0.0
51,20262,MasterCard,Pré-Pago,Básico Nacional,Puro,364225,68187,1391369,88156227.76,2464,208790.55
52,20262,Elo,Pré-Pago,Empresarial,Puro,311731,130591,2790208,248707346.21,0,0.0
53,20261,VISA,Débito,Platinum,Puro,8722283,3372880,40332625,3299969140.28,1291537,217385411.64
54,20262,Hipercard,Crédito,Intermediário,Puro,389,12,1,0.01,1,0.01
55,20261,Elo,Crédito,Básico Internacional,Co-branded,830254,67623,773978,69900047.86,250,37946.43
56,20262,Cheque Eletrônico,Crédito,Básico Nacional,Puro,13790,3785,9,1968.57,0,0.0
57,20261,American Express,Crédito,Premium,Puro,493018,397787,16853419,4488476645.43,413823,406651180.64
58,20262,MasterCard,Débito,Básico Nacional,Puro,325870,227507,8081515,632835353.89,20,6398.42
59,20261,VISA,Crédito,Premium,Co-branded,407139,376317,31278247,8516727101.68,836603,343464402.38
60,20262,Outras,Pré-Pago,Outros,Puro,7676200,5869400,271460167,7697607886.54,0,0.0
61,20261,MasterCard,Pré-Pago,Premium,Puro,924619,274434,10388973,638522009.28,0,0.0
62,20262,VISA,Pré-Pago,Básico Nacional,Puro,983082,246780,3240338,1824707778.32,44220,6892004.96
63,20261,VISA,Crédito,Básico Nacional,Puro,14401301,8446179,212633947,22241451199.26,415697,104636165.66
64,20261,VISA,Crédito,Básico Nacional,Co-branded,6404015,357986,3510664,456762479.52,3579,344124.42
65,20261,Outras,Débito,Empresarial,Puro,34,9,7,1230.04,0,0.0
66,20261,VISA,Crédito,Empresarial,Co-branded,94,88,1117,1065046.34,6,1040.47
67,20261,VISA,Pré-Pago,Corporativo,Puro,1269490,119292,3910302,620660815.41,526810,129168744.01
68,20262,VISA,Crédito,Outros,Puro,16626543,7513949,143940682,12332301741.81,623140,414571875.07
69,20262,MasterCard,Débito,Básico Internacional,Híbrido,334810,94305,603489,48725205.63,22,3679.23
70,20262,Elo,Pré-Pago,Outros,Puro,3437956,1751548,16684139,1259838251.22,0,0.0
71,20261,VISA,Crédito,Premium,Puro,12658994,7291223,466675081,89984654304.49,7474857,3864706299.81
72,20261,MasterCard,Débito,Empresarial,Puro,3939692,366964,10698981,613882195.32,136,102811.13
73,20262,Elo,Pré-Pago,Básico Nacional,Puro,75677,46,56,1729.05,0,0.0
74,20261,Elo,Pré-Pago,Básico Nacional,Co-branded,4448,683,1709,138845.37,0,0.0
75,20261,VISA,Débito,Intermediário,Puro,10711901,5555604,125829113,7510267682.26,3800,513832.21
76,20261,MasterCard,Débito,Intermediário,Co-branded,28542842,8590852,184047662,5743553191.6,0,0.0
77,20261,Elo,Crédito,Básico Internacional,Puro,3373633,2100333,47124703,8763273553.79,112045,34945354.57
78,20262,American Express,Crédito,Intermediário,Puro,302834,229901,9121419,1506259516.47,61940,27541572.66
79,20262,Bandeira própria,Crédito,Intermediário,Puro,152454,31529,2347950,675983473.3,0,0.0
80,20261,MasterCard,Débito,Básico Nacional,Puro,340321,234609,8140551,630600702.21,40,8676.85
81,20261,VISA,Crédito,Empresarial,Híbrido,15550,8030,78815,108303768.05,259,130646.74
82,20261,Elo,Pré-Pago,Básico Nacional,Puro,75677,46,56,1729.05,0,0.0
83,20261,VISA,Crédito,Básico Internacional,Híbrido,7395785,1871497,35831288,4871255812.66,136856,27936216.77
84,20261,VISA,Débito,Básico Nacional,Puro,17699758,7974841,227140496,14047001942.01,8467,870718.05
85,20261,VISA,Pré-Pago,Básico Internacional,Puro,135305575,21573137,284514144,11686553881.19,1762802,211479150.95
86,20262,MasterCard,Débito,Platinum,Puro,1827455,559153,19235073,1251799060.35,471,160009.2
87,20262,MasterCard,Pré-Pago,Premium,Puro,1008356,278573,11146918,681940898.42,0,0.0
88,20261,MasterCard,Débito,Intermediário,Híbrido,155081,61795,777534,70278023.51,1,100.43
89,20261,MasterCard,Pré-Pago,Intermediário,Puro,72189872,29864375,1256954419,44348575443.86,4,3735.28
90,20262,VISA,Crédito,Básico Internacional,Híbrido,7775775,1923067,35919648,4861880456.41,147974,28452130.5
91,20261,VISA,Débito,Básico Nacional,Co-branded,311916,280698,735832,99005295.5,0,0.0
92,20261,Outras,Pré-Pago,Outros,Puro,7737100,5554450,268158963,7178549033.06,0,0.0
93,20261,Outras,Débito,Corporativo,Puro,52419,27847,77696,7684628.73,0,0.0
94,20262,MasterCard,Pré-Pago,Outros,Puro,1242652,101987,1377789,133668420.93,10644,1431047.39
95,20262,Outras,Débito,Outros,Puro,3929642,1617215,33849287,3639364703.38,0,0.0
96,20261,MasterCard,Débito,Intermediário,Puro,86121884,44435553,959970419,45459823601.48,35828,8464313.7
97,20261,MasterCard,Débito,Empresarial,Co-branded,410785,40077,1342557,68043657.84,0,0.0
98,20261,Bandeira própria,Crédito,Básico Nacional,Híbrido,616524,263996,2514268,444010022.39,0,0.0
99,20261,American Express,Crédito,Empresarial,Puro,33303,23931,1064456,720143692.45,41741,58384622.76
100,20261,VISA,Pré-Pago,Básico Nacional,Puro,1099133,252023,2718327,1730626995.68,45085,6651508.86
101,20262,VISA,Crédito,Platinum,Puro,13646968,9247309,331950652,47015048361.46,2538744,547508446.42
102,20262,VISA,Pré-Pago,Básico Internacional,Co-branded,885348,22031,454937,20028231.34,84,4254.0
103,20262,MasterCard,Pré-Pago,Corporativo,Puro,2111731,154295,333022,19547561.92,0,0.0
104,20261,Elo,Crédito,Platinum,Puro,172623,122812,4259776,644975426.31,6695,1560380.14
105,20262,Elo,Crédito,Intermediário,Puro,10176848,3036930,56135061,6724452596.42,21981,3254427.34
106,20262,Elo,Pré-Pago,Corporativo,Puro,1072991,578155,2243904,133414495.97,0,0.0
107,20261,MasterCard,Pré-Pago,Básico Internacional,Puro,3962448,2120560,30874857,1375707929.19,260726,24175845.11
108,20262,MasterCard,Crédito,Empresarial,Co-branded,566931,36038,198992,24474985.51,1,0.01
109,20262,MasterCard,Crédito,Básico Nacional,Co-branded,13840987,994804,12271025,1728628349.55,32734,4552537.32
110,20261,MasterCard,Pré-Pago,Empresarial,Puro,5944874,1191121,62293665,3584209523.16,13,15924.12
111,20262,MasterCard,Crédito,Empresarial,Puro,11137436,4248447,89675406,25216168370.98,2058296,1062313409.9
112,20262,Elo,Débito,Básico Internacional,Puro,670547,510973,2311977,134581939.84,7,1237.78
113,20261,VISA,Crédito,Intermediário,Co-branded,32706990,23166835,233696427,31862068559.27,551321,94880626.87
114,20262,Bandeira própria,Crédito,Básico Nacional,Híbrido,614317,258860,2610758,471959277.05,0,0.0
115,20261,VISA,Pré-Pago,Empresarial,Puro,3095308,807054,7459506,484332502.66,26276,2994969.19
116,20262,VISA,Crédito,Intermediário,Híbrido,1685748,920086,16230762,2546100044.01,144977,33487701.61
117,20262,Elo,Crédito,Básico Internacional,Puro,3745809,2357290,51390131,9240885597.02,151018,37109080.22
118,20261,MasterCard,Crédito,Básico Internacional,Híbrido,29241854,7782457,92154735,11675370546.67,135203,19411549.39
119,20262,MasterCard,Pré-Pago,Básico Internacional,Co-branded,136,85,2,10.0,0,0.0
120,20262,Hipercard,Crédito,Platinum,Puro,2743,749,261,74469.14,1,0.01
121,20261,Bandeira própria,Crédito,Intermediário,Puro,154212,26688,2365840,652186667.59,0,0.0
122,20262,MasterCard,Crédito,Platinum,Híbrido,629005,418864,9499065,1798970277.18,145947,47808457.09
123,20261,MasterCard,Crédito,Premium,Puro,10966440,7778559,577383830,113245689197.36,11995933,5805874587.17
124,20262,VISA,Pré-Pago,Intermediário,Puro,25251,976,5189,319919.02,0,0.0
125,20262,MasterCard,Débito,Básico Internacional,Puro,44215642,10135612,391792113,25841334697.16,50577,11118855.77
126,20262,MasterCard,Crédito,Básico Nacional,Híbrido,7910460,919064,18118296,2589871768.51,22387,3173459.46
127,20261,MasterCard,Crédito,Intermediário,Híbrido,7501658,4922261,101075755,14634978998.85,107813,21904537.63
128,20261,Bandeira própria,Crédito,Outros,Puro,11765627,2148337,10393389,923513741.33,0,0.0
129,20262,Elo,Crédito,Básico Nacional,Co-branded,2116722,730001,6836181,1089798988.98,0,0.0
130,20261,Elo,Crédito,Intermediário,Puro,10202075,2900537,53030935,6400866140.56,26301,4728158.22
131,20261,Outras,Débito,Outros,Puro,3977274,1634284,33632411,3507647686.6,0,0.0
132,20262,VISA,Crédito,Premium,Puro,13246128,7636317,465619101,89013755950.61,7989683,3746419494.51
133,20262,MasterCard,Crédito,Premium,Híbrido,117507,92922,4830554,1384263566.64,199511,104764583.68
134,20262,VISA,Crédito,Premium,Híbrido,161519,129907,9326212,2603799486.49,402042,216006431.51
135,20261,MasterCard,Crédito,Básico Nacional,Híbrido,7790747,926694,17609389,2520382936.83,19258,2861066.25
136,20261,VISA,Débito,Básico Internacional,Puro,200977308,46766751,1227448947,74668778538.91,41919,8236895.56
137,20261,Elo,Débito,Básico Nacional,Puro,192155660,26044221,630463297,36218436375.45,0,0.0
138,20261,Elo,Pré-Pago,Corporativo,Puro,1013091,550825,2108873,131733969.04,0,0.0
139,20261,MasterCard,Débito,Outros,Puro,1063266,230674,6332686,338422824.37,3608,2771385.06
140,20261,MasterCard,Crédito,Premium,Co-branded,1894321,1533151,41097823,10793167464.78,1311644,605258069.83
141,20261,MasterCard,Débito,Platinum,Co-branded,2052775,508409,10914121,389679662.75,0,0.0
142,20262,VISA,Pré-Pago,Intermediário,Co-branded,77997,1907,9988,463939.9,0,0.0
143,20262,Outras,Débito,Corporativo,Puro,53861,27746,77906,7001970.33,0,0.0
144,20261,Outras,Crédito,Básico Internacional,Puro,1237035,468849,37066,4075844.27,0,0.0
145,20262,MasterCard,Pré-Pago,Platinum,Puro,11783605,4351921,165902640,7863518643.57,0,0.0
146,20261,Elo,Pré-Pago,Básico Internacional,Co-branded,545404,257551,1962705,126293803.6,1338,322577.44
147,20261,MasterCard,Débito,Premium,Híbrido,2818,1342,19954,2120498.97,0,0.0
148,20262,MasterCard,Crédito,Outros,Puro,1973510,471175,5964418,420517695.39,2165,1486606.65
149,20261,VISA,Crédito,Platinum,Puro,12445253,8425180,328850775,48161239201.49,2362113,581801234.58
150,20261,VISA,Crédito,Premium,Híbrido,155307,125152,7912750,2319618203.23,360628,209012262.27
151,20261,Bandeira própria,Pré-Pago,Outros,Puro,1810506,1357775,3236647,299260914.69,0,0.0
152,20261,Bandeira própria,Crédito,Básico Nacional,Co-branded,8827081,1510841,22746216,2568910909.25,0,0.0
153,20262,Elo,Crédito,Premium,Puro,389442,291430,13208160,2562176349.35,39396,15743858.62
154,20262,American Express,Crédito,Empresarial,Puro,33713,24817,1354713,918109447.69,46655,58128843.55
155,20262,Outras,Débito,Empresarial,Puro,26,6,7,1102.7,0,0.0
156,20261,American Express,Crédito,Platinum,Co-branded,14512,8960,258757,35616852.13,1395,596840.26
157,20261,VISA,Crédito,Básico Internacional,Puro,38185631,16169965,257713265,24325456015.08,747807,117034764.95
158,20262,VISA,Pré-Pago,Corporativo,Puro,1354516,500521,3765890,542585745.38,532574,128431049.81
159,20261,Elo,Crédito,Básico Nacional,Co-branded,2044369,752792,6720103,1024833354.67,0,0.0
160,20262,Bandeira própria,Crédito,Outros,Puro,11901550,2117170,11106588,1022641533.5,0,0.0
161,20261,Elo,Crédito,Empresarial,Puro,387459,239452,6838607,3212252408.06,25859,13699344.61
162,20261,MasterCard,Débito,Básico Internacional,Puro,41244125,10105714,386487815,25229932424.09,42952,10443703.88
163,20262,MasterCard,Crédito,Básico Internacional,Híbrido,30752068,7752634,96625269,12379301130.14,159983,22021083.6
164,20261,Elo,Crédito,Empresarial,Co-branded,2140,2018,25047,5750366.91,0,0.0
165,20262,VISA,Crédito,Corporativo,Puro,697908,330351,7603532,3691702937.02,537418,475780408.29
166,20261,MasterCard,Crédito,Básico Internacional,Co-branded,5184537,1322861,14795606,1981994238.63,41428,6117281.53
167,20261,Elo,Débito,Básico Internacional,Puro,679346,511526,2270403,129652561.42,3,361.34
168,20261,Hipercard,Crédito,Intermediário,Puro,389,12,1,0.01,1,0.01
169,20262,MasterCard,Pré-Pago,Básico Internacional,Puro,6641296,2571013,33202436,1496743409.77,337634,30094901.62
170,20262,Elo,Crédito,Básico Internacional,Co-branded,828656,61346,763676,69733675.8,169,25465.14
171,20262,MasterCard,Débito,Empresarial,Co-branded,566920,87817,1984710,101240479.56,0,0.0
172,20261,Elo,Pré-Pago,Outros,Puro,3933073,2300254,15946891,1208565154.49,0,0.0
173,20262,Elo,Crédito,Empresarial,Co-branded,1882,1847,24325,5361611.61,0,0.0
174,20261,Elo,Crédito,Corporativo,Puro,198237,109752,551124,161905237.07,1117,771536.81
175,20262,American Express,Crédito,Corporativo,Puro,56527,43072,1198201,1102506500.55,112024,142372300.04
176,20261,Elo,Débito,Básico Nacional,Co-branded,225181,134644,337883,38595063.62,0,0.0
177,20261,MasterCard,Crédito,Platinum,Puro,25253412,15820837,666065091,83880068608.66,5011242,902002139.69
178,20261,VISA,Crédito,Platinum,Co-branded,395106,327994,19125437,3406980814.04,295094,74190371.71
179,20261,Elo,Débito,Empresarial,Puro,1108694,284960,7822569,924809516.23,0,0.0
180,20261,MasterCard,Pré-Pago,Básico Internacional,Co-branded,87,7,2,126.89,0,0.0
181,20261,MasterCard,Crédito,Básico Internacional,Puro,65657409,11513246,146092216,15281008129.62,579476,85351187.67
182,20262,VISA,Débito,Básico Internacional,Co-branded,6265,1316,15623,1607938.08,0,0.0
183,20261,VISA,Crédito,Corporativo,Puro,704689,329571,6594111,3022051955.85,402021,401023898.45
184,20262,MasterCard,Débito,Básico Internacional,Co-branded,1396043,49439,854471,37760472.44,0,0.0
185,20261,MasterCard,Crédito,Outros,Puro,2943030,574159,8345932,494525760.46,1665,695873.98
186,20262,MasterCard,Crédito,Corporativo,Híbrido,11612091,3463239,34812007,2142833020.23,631533,52621597.2
187,20262,MasterCard,Débito,Platinum,Co-branded,3410059,760695,16002116,593962278.37,0,0.0
188,20261,MasterCard,Crédito,Premium,Híbrido,112019,90656,4188830,1266682297.7,177605,100709253.15
189,20261,VISA,Pré-Pago,Premium,Puro,6928,3492,211921,15521785.48,88,12797.05
190,20261,VISA,Débito,Premium,Puro,1857712,1124195,39326238,3408775591.03,89140,21862974.27
191,20261,MasterCard,Crédito,Empresarial,Híbrido,24497,24497,409662,156248451.19,9695,5455115.23
192,20262,MasterCard,Crédito,Corporativo,Puro,2612179,965845,10101283,6162983408.88,627984,629225244.46
193,20262,VISA,Crédito,Intermediário,Puro,21545126,11277857,341922183,40783293638.68,1406784,235762935.09
194,20261,MasterCard,Crédito,Corporativo,Co-branded,2706,561,14961,5003197.1,826,1099958.28
195,20261,VISA,Pré-Pago,Básico Internacional,Co-branded,868450,23472,459658,20001748.01,58,6289.66
196,20262,MasterCard,Crédito,Intermediário,Co-branded,62448748,35871261,180693188,19387630185.72,583292,67390828.28
197,20261,Elo,Pré-Pago,Básico Internacional,Puro,494675,5401,242467,18455288.85,2,158.16
198,20262,MasterCard,Débito,Premium,Puro,459904,199295,4946739,417883707.4,830,425317.04
199,20262,VISA,Débito,Empresarial,Puro,3979514,1257352,39981806,3699163289.05,9927,1621758.51
200,20262,VISA,Pré-Pago,Premium,Puro,14813,6053,303119,27296813.6,138,13287.39
201,20262,VISA,Pré-Pago,Platinum,Puro,805122,240126,1846135,79323323.6,352,47418.5
202,20261,American Express,Crédito,Básico Nacional,Puro,32605,24741,470619,72045343.15,2067,729255.88
203,20262,MasterCard,Débito,Platinum,Híbrido,8803,3861,59017,6188777.33,3,3064.1
204,20261,VISA,Pré-Pago,Outros,Puro,12470032,2342175,27627105,1928923959.79,92796,14168508.56
205,20262,VISA,Débito,Básico Nacional,Puro,17606949,8126443,235357961,14531616756.38,7535,723631.01
206,20262,VISA,Crédito,Básico Internacional,Co-branded,15428810,4126333,31726057,3999210113.86,88621,10630326.43
207,20262,American Express,Crédito,Premium,Co-branded,30847,20364,411261,103316924.33,10140,14234518.31
208,20261,Elo,Crédito,Outros,Puro,327901,263510,11854794,2926418579.02,50303,23684622.52
209,20261,MasterCard,Crédito,Básico Nacional,Puro,3903821,1250240,26466811,2529503276.86,12337,1210458.98
210,20262,VISA,Pré-Pago,Outros,Puro,12251044,2275636,23703645,1897832625.8,83055,10392200.37
211,20262,VISA,Pré-Pago,Empresarial,Puro,3203788,819129,8191225,644364277.86,34273,3659009.41
212,20261,MasterCard,Crédito,Corporativo,Puro,1618515,631367,9590270,5382721973.24,559744,578071208.63
213,20261,VISA,Crédito,Empresarial,Puro,5034878,2711058,61733081,19906388454.61,844571,574029930.92
214,20261,MasterCard,Crédito,Platinum,Híbrido,616672,411458,9064902,1785289638.47,135246,49472042.39
215,20262,Elo,Débito,Básico Nacional,Puro,195715703,26384370,659260641,38356667712.08,0,0.0
216,20262,VISA,Crédito,Básico Nacional,Puro,7066028,5804828,176563664,18538073144.73,414122,105030459.42
217,20262,MasterCard,Crédito,Básico Nacional,Puro,5800745,1823141,22464953,2131319850.01,23596,2764453.2
218,20261,MasterCard,Pré-Pago,Básico Nacional,Puro,2402881,113978,1451944,87316586.44,3185,220864.76
219,20262,VISA,Débito,Platinum,Puro,9151876,3481175,36758437,3030339948.68,2034463,327465182.62
220,20262,MasterCard,Débito,Intermediário,Híbrido,196364,75820,820001,73553516.56,0,0.0
221,20261,Hipercard,Crédito,Platinum,Puro,2935,826,69,51702.86,1,0.01
222,20262,VISA,Crédito,Intermediário,Co-branded,36440412,25005225,262209009,36211100160.61,666971,111891884.06
223,20262,MasterCard,Crédito,Intermediário,Puro,105181882,41494204,1167079769,113984510186.88,7877612,899703325.61
224,20262,VISA,Crédito,Básico Internacional,Puro,38605966,16107205,255859588,24088142065.24,761608,116630875.58
225,20262,MasterCard,Crédito,Empresarial,Híbrido,25476,25231,449760,177293942.52,13359,6710731.1
226,20262,MasterCard,Débito,Premium,Híbrido,2990,1388,18939,1995591.31,0,0.0
227,20261,Elo,Pré-Pago,Empresarial,Puro,327734,132013,2593906,240993443.34,0,0.0
228,20262,VISA,Crédito,Platinum,Híbrido,809464,473139,14886852,2741364749.88,239361,79175623.36
229,20262,MasterCard,Débito,Intermediário,Puro,88186987,44339549,993890289,47128802945.16,36220,8428220.16
230,20261,MasterCard,Débito,Platinum,Híbrido,8191,3611,56124,5917352.97,0,0.0
231,20261,MasterCard,Pré-Pago,Corporativo,Puro,1880355,98631,109150,5902236.92,0,0.0
232,20261,American Express,Crédito,Intermediário,Puro,302476,228566,8702088,1516573670.44,64284,32004484.98
233,20262,VISA,Crédito,Básico Nacional,Híbrido,507171,40360,1246634,175814197.89,414,38146.42
234,20261,VISA,Crédito,Platinum,Híbrido,763646,446358,13695960,2604405795.28,221364,80885738.36
235,20262,VISA,Débito,Básico Nacional,Co-branded,302897,272608,762545,10281143.9,0,0.0
236,20262,Bandeira própria,Pré-Pago,Outros,Puro,1847926,1351891,3359594,334368039.39,0,0.0
237,20261,VISA,Débito,Básico Internacional,Híbrido,334841,9582,8507,388221.65,0,0.0
238,20261,American Express,Crédito,Premium,Co-branded,31803,21254,436333,108256694.24,10961,19455580.35
239,20261,MasterCard,Crédito,Corporativo,Híbrido,10838555,3431700,45577740,2681955130.36,557080,40620832.17
240,20262,MasterCard,Débito,Outros,Puro,1112997,240869,6713988,356608974.72,4216,2065784.54
241,20261,VISA,Pré-Pago,Platinum,Puro,654946,216446,1562699,67796956.08,503,77572.83
242,20261,MasterCard,Crédito,Platinum,Co-branded,5232864,3933986,44508468,6107266640.84,472267,105919496.54
243,20262,MasterCard,Crédito,Básico Internacional,Puro,65840139,11876992,142725804,15006090637.68,615815,86108781.23
244,20262,MasterCard,Crédito,Outros,Co-branded,1070940,12,3,47.61,0,0.0
245,20262,VISA,Crédito,Empresarial,Híbrido,15432,7431,77786,115952833.68,303,234940.73
246,20262,MasterCard,Crédito,Intermediário,Híbrido,7815709,5036106,103669570,14991070810.72,120409,23312957.66
247,20261,MasterCard,Débito,Premium,Co-branded,417062,116749,2094760,108577657.8,0,0.0
248,20262,MasterCard,Crédito,Corporativo,Co-branded,2263,434,18854,5393381.94,2561,3763762.25
249,20261,MasterCard,Débito,Platinum,Puro,1833885,520304,15795445,1065750226.81,490,182494.17
250,20262,MasterCard,Pré-Pago,Empresarial,Puro,6382610,1217024,68616753,3987391132.26,59,5764.84
251,20261,MasterCard,Crédito,Básico Nacional,Co-branded,11863274,107520,2452198,317473510.25,92,53525.94
252,20262,Elo,Crédito,Outros,Puro,336854,268759,11725568,2806021474.57,55558,19197060.38
253,20261,VISA,Crédito,Intermediário,Puro,23246078,12091446,382288012,45068044803.5,1500483,257930462.16
254,20261,MasterCard,Crédito,Empresarial,Puro,10779018,4186780,90421814,25885189057.11,1819656,990509470.79
255,20261,MasterCard,Pré-Pago,Outros,Puro,1963472,123558,1639310,166699467.38,15376,1966561.29
256,20262,Elo,Débito,Empresarial,Puro,1197675,283548,8094442,971280383.08,0,0.0
257,20261,Elo,Crédito,Básico Nacional,Puro,4907686,2875522,94801500,10623319890.45,100644,30517575.3
258,20262,MasterCard,Crédito,Premium,Co-branded,2231036,1856067,46498141,11798421028.76,1625556,642959667.55
259,20261,Outras,Crédito,Outros,Puro,8623964,5827408,269051687,7244325131.67,0,0.0
